签号,签级,签题,签文,解文,权重
1,凶,狂风折木,狂风骤雨折庭柯，万物凋零奈若何。劝君急避深林里，莫待倾巢损更多。,财运：大破财，忌一切投资、借贷、合伙；事业：诸事大败，立即停止所有项目；感情：决裂、背叛、争吵不休；健康：突发疾病、意外受伤；今日建议：守宅不出，不与人争，破财免灾。,30
2,凶,险滩行舟,险滩行舟浪拍天，舵折帆倾势倒悬。进退两难无计施，唯有守命待时迁。,财运：血本无归，投资必败；事业：进退维谷，努力无用；感情：冷战、分手、第三者插足；健康：重病缠身，需立即就医；今日建议：不动不做，不投资，不出行。,30
3,凶,小人当道,小人得志乱朝纲，忠良受屈暗神伤。口舌是非缠不休，祸起萧墙无处藏。,财运：被人算计、被骗、破财；事业：被陷害、背锅、裁员；感情：被挑拨离间、误会重重；健康：气郁伤身、失眠多梦；今日建议：少说话，少出头，远离小人。,30
4,凶,大破财星,黄金散尽复何求，费尽心思总是愁。纵有良田千万顷，一朝倾覆水东流。,财运：严重破财，倾家荡产风险；事业：破产、倒闭、失业；感情：因财失和、家庭破裂；健康：因财伤身、急火攻心；今日建议：关闭所有账户，不碰任何钱财往来。,30
5,凶,官司缠身,官司口舌闹纷纷，有理难辩气难伸。破财消灾方得免，否则牢狱祸临身。,财运：因官司破财、罚款；事业：因纠纷停业、整顿；感情：因官司分离、反目；健康：焦虑成疾、精神崩溃；今日建议：主动和解，破财消灾，避免诉讼。,30
6,凶,出行大凶,出行路上遇灾星，车翻马倒祸难平。劝君莫踏他乡路，守宅平安度此生。,财运：出行破财、被盗、被骗；事业：出差失败、项目流产；感情：异地恋分手、出行遇桃花劫；健康：车祸、摔伤、意外死亡；今日建议：绝对不出门，取消所有行程。,30
7,凶,谋望大败,谋望之事必成空，千辛万苦付东风。早知今日空费力，不如当初守困穷。,财运：求财不得，反遭损失；事业：所有计划失败，努力白费；感情：求爱被拒、婚姻不成；健康：劳累过度、积劳成疾；今日建议：放弃所有目标，安心休息。,30
8,凶,家宅不宁,家宅不宁祸事多，鸡飞狗跳闹风波。父子不和兄弟怨，夫妻反目各西东。,财运：家宅破财、被盗、失火；事业：因家庭琐事影响工作；感情：家庭矛盾、夫妻离婚；健康：家人多病、意外伤亡；今日建议：家庭和睦，忍让为先，避免争吵。,30
9,凶,感情破裂,恩爱夫妻反目仇，海誓山盟一旦休。破镜难圆终有恨，不如放手各自由。,财运：因感情破财、分割财产；事业：因感情分心、工作失误；感情：分手、离婚、背叛；健康：心碎成疾、抑郁自杀；今日建议：接受现实，放手止损，调整心态。,30
10,凶,健康大险,病魔缠身苦不堪，药石无功病难痊。劝君早作修善事，祈求平安度晚年。,财运：因病破财、花光积蓄；事业：因病失业、无法工作；感情：因病被抛弃、无人照顾；健康：绝症、重病、生命垂危；今日建议：立即就医，安心养病，多行善事。,30
11,凶,被骗大破,贪得高利入圈套，被骗钱财空懊恼。哭天喊地无用处，只怪当初太心高。,财运：被骗光所有积蓄、负债累累；事业：被合伙人欺骗、项目被骗；感情：被感情骗子欺骗、人财两空；健康：急火攻心、中风瘫痪；今日建议：报警处理，接受现实，从头再来。,30
12,凶,妄动招灾,妄动必然招大祸，守身守命莫蹉跎。莫求名利莫贪色，平安二字值千金。,财运：一动就破财，不动则安；事业：一动就失败，不动则稳；感情：一动就吵架，不动则和；健康：一动就受伤，不动则康；今日建议：绝对不动，在家静坐。,30
13,凶,是非大祸,是非大祸难脱身，千夫所指万人嗔。远离纷争远离祸，守心守口保安宁。,财运：因是非破财、名誉受损；事业：因是非被开除、身败名裂；感情：因是非被误解、众叛亲离；健康：因是非被打、受伤；今日建议：闭门不出，不与人言，等待风波过去。,30
14,凶,事业大败,事业大败难挽回，十年辛苦化成灰。不如归隐山林里，粗茶淡饭度余生。,财运：事业破产、负债累累；事业：公司倒闭、失业下岗；感情：因事业失败被抛弃；健康：压力过大、精神崩溃；今日建议：辞职休息，调整心态，重新规划。,30
15,凶,贪则大祸,贪名贪利必大祸，贪色贪财必遭磨。安分守己清贫过，方能平安免灾磨。,财运：因贪破财、因贪入狱；事业：因贪被查、身败名裂；感情：因贪色出轨、家庭破裂；健康：因贪吃喝得病、肥胖三高；今日建议：戒贪戒欲，知足常乐。,30
16,凶,人际大凶,人际大凶众叛离，无人助力受人欺。断绝来往少社交，守身守己免灾危。,财运：被朋友骗、被同事坑；事业：被孤立、被排挤、无人帮；感情：被朋友抢对象、被闺蜜背叛；健康：因人际矛盾气出病；今日建议：少社交，少来往，独来独往。,30
17,凶,酒色招灾,酒色招灾不可为，风流场中祸相随。远离是非远离色，安稳平安免祸危。,财运：因酒色破财、被敲诈勒索；事业：因酒色误事、被开除；感情：因酒色出轨、离婚；健康：因酒色伤身、性病、肝病；今日建议：戒酒戒色，清心寡欲。,30
18,凶,强求必凶,凡事强求必遇凶，放弃等待运再通。守宅守身多行善，方能平安过寒冬。,财运：强求求财必破财；事业：强求升职必失败；感情：强求复合必受伤；健康：强求康复必加重；今日建议：放弃强求，顺其自然。,30
19,凶,守身免灾,唯有守身可免灾，莫行莫动莫求财。在家安静多行善，方能平安避祸来。,财运：求财必败，守财则安；事业：做事必错，不做则安；感情：谈情必伤，不谈则安；健康：出门必伤，不出则安；今日建议：在家待着，什么都不做。,30
20,凶,天灾人祸,天灾人祸突然来，防不胜防实可哀。劝君多积阴德事，逢凶化吉免祸灾。,财运：因天灾人祸破财、财产损失；事业：因天灾人祸停业、倒闭；感情：因天灾人祸分离、死亡；健康：因天灾人祸受伤、死亡；今日建议：多行善事，祈求平安。,30
21,凶,官非临身,官非临身事难休，破财消灾是良谋。若还固执强争理，牢狱之灾在后头。,财运：因官非破财、罚款、没收财产；事业：因官非被调查、停业；感情：因官非分离、离婚；健康：因官非焦虑、失眠；今日建议：主动认错，破财消灾，避免牢狱。,30
22,凶,失物难寻,失物难寻影无踪，费尽心思总是空。劝君莫再苦追寻，破财免灾保平安。,财运：丢失贵重物品、被盗；事业：丢失重要文件、项目失败；感情：丢失爱人、无法挽回；健康：丢失健康、生病；今日建议：放弃寻找，接受损失。,30
23,凶,谋事不成,谋事不成反受殃，惹得一身是非忙。不如静坐家中坐，免教灾祸到身旁。,财运：谋财不得，反遭损失；事业：谋事不成，反被牵连；感情：谋爱不成，反被羞辱；健康：谋事劳累，生病受伤；今日建议：不谋事，不做事，在家休息。,30
24,凶,六亲无靠,六亲无靠独自行，孤苦伶仃无人疼。凡事只能靠自己，莫指望人来帮衬。,财运：无人借钱，无人投资，只能靠自己；事业：无人帮助，无人提携，只能靠自己；感情：无人介绍，无人关心，只能靠自己；健康：无人照顾，只能靠自己；今日建议：独立自强，不依赖任何人。,30
25,凶,运途蹇滞,运途蹇滞步难行，事事不顺心不宁。劝君莫要强出头，守待时来运再通。,财运：事事破财，处处不顺；事业：事事失败，处处碰壁；感情：事事不顺，处处吵架；健康：事事生病，处处受伤；今日建议：低调做人，不与人争，等待时机。,30
26,凶,口舌成灾,口舌成灾祸连连，是非不断扰心田。守口如瓶少言语，免教灾祸到身边。,财运：因口舌破财、被人讹诈；事业：因口舌被开除、身败名裂；感情：因口舌吵架、分手；健康：因口舌被打、受伤；今日建议：少说话，多做事，不与人争。,30
27,凶,疾病缠绵,疾病缠绵久不愈，药石无功苦自知。劝君安心养身体，莫要操劳费心思。,财运：因病破财、花光积蓄；事业：因病失业、无法工作；感情：因病被抛弃、无人照顾；健康：慢性病、久治不愈；今日建议：安心养病，停止工作，注意休息。,30
28,凶,婚姻不顺,婚姻不顺多坎坷，夫妻不和常吵骂。若还勉强在一起，终有一日各天涯。,财运：因婚姻破财、分割财产；事业：因婚姻分心、工作失误；感情：夫妻不和、离婚；健康：因婚姻气出病、失眠；今日建议：沟通解决，实在不行就离婚。,30
29,凶,投资必败,投资必败血本无，投机取巧祸临身。劝君莫要贪小利，守财安分度光阴。,财运：投资必亏，投机必败；事业：投资项目失败、公司亏损；感情：因投资失败被抛弃；健康：因投资失败急火攻心；今日建议：不投资，不投机，守财为上。,30
30,凶,远行不利,远行不利遇灾殃，路途艰险多阻挡。劝君莫要离家乡，守宅平安福自长。,财运：远行破财、被盗、被骗；事业：出差失败、项目流产；感情：异地恋分手、远行遇桃花劫；健康：远行生病、意外受伤；今日建议：不远行，不出门，在家待着。,30
31,小凶,风波乍起,风波忽起莫前行，守待天时莫强行。财利不宜轻举动，恐因急躁损安宁。,财运：有破财风险，忌投资、借贷；事业：有波折，不宜冲动决策；感情：有争吵，需冷静沟通；健康：有小恙，注意休息；今日建议：宜静不宜动，耐心等待。,30
32,小凶,迷津失路,举目茫然路未明，莫贪捷径误前程。守心静待贵人至，方可从容避险坑。,财运：求财迷茫，易走弯路；事业：方向不明，易犯错误；感情：感情迷茫，不知何去何从；健康：精神恍惚，易出意外；今日建议：不做决策，等待贵人。,30
33,小凶,小人暗害,小人暗害最难防，莫信他人莫张扬。守口守心少来往，免教大祸到身旁。,财运：被小人算计、破财；事业：被小人陷害、背锅；感情：被小人挑拨、误会；健康：被小人暗算、受伤；今日建议：防小人，少说话，少来往。,30
34,小凶,财耗有损,财禄耗损有损失，不宜投资不宜赌。守财守己莫妄动，免教钱财付水流。,财运：有破财，忌投资、赌博；事业：有损失，不宜扩张；感情：因财失和，需注意；健康：因财伤身，需注意；今日建议：守财，不花钱，不投资。,30
35,小凶,口舌是非,口舌是非多缠身，莫与人争莫较真。沉默守己为上策，免惹大祸到家门。,财运：因口舌破财、名誉受损；事业：因口舌被批评、降职；感情：因口舌吵架、冷战；健康：因口舌气出病；今日建议：不与人争，沉默是金。,30
36,小凶,不宜出行,不宜出行防凶险，路途恐有祸灾缠。安分守己家中坐，等待时过再向前。,财运：出行破财、被盗；事业：出差不顺、延误；感情：出行吵架、分手；健康：出行受伤、生病；今日建议：少出行，不出远门。,30
37,小凶,谋望难成,谋望之事难成功，中间阻碍万千重。莫强行，莫强求，守待来年运再通。,财运：求财难成，需等待；事业：做事难成，需等待；感情：求爱难成，需等待；健康：康复难成，需等待；今日建议：不强行，不勉强，等待时机。,30
38,小凶,家宅不安,家宅小有不宁静，口舌纷争闹不停。忍让宽容多沟通，免教小事变大刑。,财运：家宅小破财、漏水、停电；事业：因家庭琐事影响工作；感情：家庭小矛盾、夫妻吵架；健康：家人小感冒、不舒服；今日建议：多沟通，多忍让，家庭和睦。,30
39,小凶,感情不顺,感情不顺多风波，误会重重无奈何。冷静沟通莫急躁，否则恐有别离多。,财运：因感情小破财；事业：因感情分心、工作失误；感情：吵架、冷战、误会；健康：因感情心情不好、失眠；今日建议：冷静沟通，互相理解。,30
40,小凶,健康欠安,健康欠安要小心，注意身体莫劳心。检查保养多休息，免教小病变大侵。,财运：因病小破财；事业：因病请假、影响工作；感情：因病被照顾、感情升温；健康：小感冒、疲劳、不舒服；今日建议：注意休息，及时就医。,30
41,小凶,防被骗,提防被骗莫轻信，莫贪高利莫贪心。守财守己莫妄动，免教钱财被人侵。,财运：易被骗，忌贪小利；事业：易被合伙人骗、项目被骗；感情：易被感情骗子骗；健康：易被庸医骗、花冤枉钱；今日建议：不轻信，不贪心，守财为上。,30
42,小凶,进退两难,进退两难路不通，莫行莫动守深宫。等待风云消散后，再谋出路不为穷。,财运：进退都破财，不动则安；事业：进退都失败，不动则稳；感情：进退都受伤，不动则和；健康：进退都生病，不动则康；今日建议：不动，等待时机。,30
43,小凶,破财免灾,破财方可免灾殃，莫为钱财断肝肠。舍财保命为上策，安稳平安度时光。,财运：一定会破财，挡不住；事业：一定会有损失，挡不住；感情：一定会有矛盾，挡不住；健康：一定会有小恙，挡不住；今日建议：主动破财，消灾免祸。,30
44,小凶,是非缠身,是非缠身难脱身，莫管闲事莫当真。远离纷争远离祸，守心守口保安宁。,财运：因是非小破财；事业：因是非被批评、影响晋升；感情：因是非被误解、影响感情；健康：因是非心情不好、影响健康；今日建议：不管闲事，远离是非。,30
45,小凶,事业阻滞,事业阻滞难前行，努力也难有功名。守待时机莫冒进，免教失误毁前程。,财运：事业收入减少、无奖金；事业：工作不顺、压力大、无晋升；感情：因事业压力大、影响感情；健康：因事业劳累、身体不适；今日建议：努力工作，等待时机，不冒进。,30
46,小凶,莫求名利,莫求名利莫强求，贪求反惹祸临头。安分守己清贫过，安稳平安免忧愁。,财运：求名求利反破财；事业：求名求利反失败；感情：求名求利反受伤；健康：求名求利反伤身；今日建议：淡泊名利，知足常乐。,30
47,小凶,人际不和,人际不和多矛盾，无人助力反相侵。守心守己少来往，免教是非惹上身。,财运：被朋友坑、被同事骗；事业：被排挤、被孤立、无人帮；感情：被朋友抢对象、被闺蜜背叛；健康：因人际矛盾心情不好；今日建议：少社交，少来往，独善其身。,30
48,小凶,谨慎守身,谨慎守身莫妄为，风流酒色要远离。免惹祸事免惹灾，安稳平安度光阴。,财运：因酒色小破财；事业：因酒色误事、被批评；感情：因酒色出轨、影响感情；健康：因酒色伤身、不舒服；今日建议：戒酒戒色，谨慎行事。,30
49,小凶,守待为上,守待为上莫前行，妄动必然祸不轻。忍耐一时风与雨，过后依然见太平。,财运：妄动必破财，守待则安；事业：妄动必失败，守待则稳；感情：妄动必吵架，守待则和；健康：妄动必受伤，守待则康；今日建议：忍耐，守待，不妄动。,30
50,小凶,灾小不妨,灾虽不大亦妨身，守待安宁莫出门。谨慎言行无大患，安稳平安度晨昏。,财运：小破财，无大碍；事业：小挫折，无大碍；感情：小矛盾，无大碍；健康：小感冒，无大碍；今日建议：少出门，谨慎言行。,30
51,小凶,运途多舛,运途多舛事难成，处处碰壁心不宁。劝君莫要太急躁，守待时来运自通。,财运：处处破财，事事不顺；事业：处处失败，事事碰壁；感情：事事吵架，事事不顺；健康：事事生病，事事受伤；今日建议：保持耐心，等待时机。,30
52,小凶,官非小扰,官非小扰事不大，破财消灾即可罢。若还强争不肯休，小事变大祸临头。,财运：因官非小破财、罚款；事业：因官非小影响、被警告；感情：因官非小影响、心情差；健康：因官非小焦虑、失眠；今日建议：破财消灾，小事化了。,30
53,小凶,失物难觅,失物难觅影无踪，费尽心思总是空。劝君莫再苦追寻，破财免灾保平安。,财运：丢失小物品、无大碍；事业：丢失小文件、无大碍；感情：丢失小礼物、无大碍；健康：丢失小健康、无大碍；今日建议：放弃寻找，接受损失。,30
54,小凶,谋事多阻,谋事多阻难顺利，中间总有小插曲。耐心坚持终可成，莫因小挫便放弃。,财运：求财多阻，需耐心；事业：做事多阻，需耐心；感情：求爱多阻，需耐心；健康：康复多阻，需耐心；今日建议：耐心坚持，不放弃。,30
55,小凶,六亲少助,六亲少助力不足，凡事只能靠自己。莫指望人来帮衬，独立自强是正途。,财运：无人借钱，无人投资；事业：无人帮助，无人提携；感情：无人介绍，无人关心；健康：无人照顾，只能靠自己；今日建议：独立自强，不依赖别人。,30
56,小凶,运蹇时乖,运蹇时乖步难移，事事不如意。劝君莫要强出头，守待时来运自奇。,财运：事事破财，处处不顺；事业：事事失败，处处碰壁；感情：事事吵架，处处不顺；健康：事事生病，处处受伤；今日建议：低调做人，不与人争。,30
57,小凶,口舌招尤,口舌招尤惹是非，祸从口出要牢记。守口如瓶少言语，免教灾祸到身边。,财运：因口舌小破财；事业：因口舌被批评、降职；感情：因口舌吵架、冷战；健康：因口舌被打、受伤；今日建议：少说话，多做事。,30
58,小凶,疾病缠身,疾病缠身久不愈，药石无功苦自知。劝君安心养身体，莫要操劳费心思。,财运：因病小破财；事业：因病请假、影响工作；感情：因病被照顾、感情升温；健康：慢性病、久治不愈；今日建议：安心养病，停止工作。,30
59,小凶,婚姻多磨,婚姻多磨多坎坷，夫妻不和常吵骂。若还互相多忍让，终能白头共荣华。,财运：因婚姻小破财；事业：因婚姻分心、工作失误；感情：夫妻不和、吵架；健康：因婚姻气出病、失眠；今日建议：互相忍让，多沟通。,30
60,小凶,投机不利,投机不利必破财，取巧反惹祸临身。劝君莫要贪小利，守财安分度光阴。,财运：投机必亏，取巧必败；事业：投机项目失败、公司亏损；感情：因投机失败被抛弃；健康：因投机失败急火攻心；今日建议：不投机，不取巧，守财为上。,30
61,次于中平,微雨阻途,微雨沾衣路稍迷，莫行险处莫贪痴。守心静待风波过，依旧平安不用悲。,财运：小破财，无大碍；事业：小阻滞，耐心可过；感情：小误会，沟通可解；健康：小感冒，无大碍；今日建议：宜静不宜动，耐心等待。,20
62,次于中平,口舌微妨,是非口舌莫相争，退一步时路自平。谨慎言辞无大患，安心守己保安宁。,财运：因口舌小破财；事业：因口舌被批评；感情：因口舌小吵架；健康：因口舌心情不好；今日建议：退一步海阔天空。,20
63,次于中平,小耗财,小小耗财免灾殃，莫为小钱断肝肠。守心守己莫贪利，安稳平安度时光。,财运：小破财，消灾免祸；事业：小损失，无大碍；感情：小花费，无大碍；健康：小花费，无大碍；今日建议：破财消灾，不必在意。,20
64,次于中平,小阻碍,谋望中间小阻碍，耐心守待自然开。莫急莫躁莫强行，免惹小灾免惹灾。,财运：求财小阻，耐心可得；事业：做事小阻，耐心可成；感情：求爱小阻，耐心可得；健康：康复小阻，耐心可愈；今日建议：耐心等待，不急躁。,20
65,次于中平,防小人,小人暗里有微言，谨慎言行莫向前。守待时光风波过，依然安稳度流年。,财运：被小人小算计、小破财；事业：被小人小陷害、小影响；感情：被小人小挑拨、小误会；健康：被小人小暗算、小影响；今日建议：防小人，少说话。,20
66,次于中平,不宜远行,不宜远行防小阻，路途恐有小延误。安分守己家中坐，安稳平安是福途。,财运：远行小破财、小损失；事业：出差小延误、小影响；感情：远行小吵架、小误会；健康：远行小感冒、小不适；今日建议：不远行，少出门。,20
67,次于中平,心情微滞,心情微滞不开心，琐事缠身恼意深。放宽心态莫计较，依旧平安不用嗔。,财运：无破财；事业：无影响；感情：无矛盾；健康：心情差、失眠；今日建议：放松心情，听听音乐。,20
68,次于中平,谋望小迟,谋望之事稍迟延，不是不成慢几天。莫急莫躁莫催促，守待时光自然圆。,财运：求财稍迟，耐心可得；事业：做事稍迟，耐心可成；感情：求爱稍迟，耐心可得；健康：康复稍迟，耐心可愈；今日建议：耐心等待，不催促。,20
69,次于中平,防小误,谨慎提防小失误，莫因大意惹麻烦。细心做事无大患，安稳平安度日常。,财运：因小失误小破财；事业：因小失误被批评；感情：因小失误闹误会；健康：因小失误受小伤；今日建议：细心做事，不马虎。,20
70,次于中平,少聚会,少去聚会少喧哗，免惹口舌免招瑕。安分守己家中守，安稳平安度年华。,财运：聚会小破财；事业：聚会影响工作；感情：聚会惹桃花；健康：聚会喝酒伤身；今日建议：少聚会，多在家。,20
71,次于中平,小烦恼,小小烦恼扰心头，放下随缘不用愁。莫为小事生闷气，伤神伤身不划算。,财运：无破财；事业：无影响；感情：无矛盾；健康：心情差、烦躁；今日建议：放下烦恼，顺其自然。,20
72,次于中平,宜忍宜守,宜忍宜守莫前行，妄动恐招小灾星。忍耐一时风波过，依然安稳保安宁。,财运：妄动小破财，守守则安；事业：妄动小失败，守守则稳；感情：妄动小吵架，守守则和；健康：妄动小受伤，守守则康；今日建议：忍耐，守待。,20
73,次于中平,防漏财,提防漏财小损失，管好钱物莫粗心。谨慎守财无大患，安稳平安度光阴。,财运：丢小东西、花冤枉钱；事业：无影响；感情：无影响；健康：无影响；今日建议：管好钱包，不丢东西。,20
74,次于中平,小是非,小小是非莫当真，清者自清莫较真。退让一步无大祸，安稳平安度晨昏。,财运：无破财；事业：小影响；感情：小误会；健康：心情差；今日建议：不理会，不较真。,20
75,次于中平,身体微恙,身体微恙小不适，注意休息莫操劳。保养调理无大碍，安稳安康自逍遥。,财运：无破财；事业：小影响；感情：无影响；健康：小感冒、疲劳；今日建议：注意休息，多喝水。,20
76,次于中平,莫贪小利,莫贪小利惹麻烦，贪得小便宜失大。安分守己走正路，安稳平安免祸端。,财运：贪小利吃大亏；事业：贪小利误大事；感情：贪小利失人心；健康：贪小利吃坏肚子；今日建议：不贪小利，走正路。,20
77,次于中平,计划小阻,计划略有小阻挡，不是不成慢一场。莫急莫躁莫放弃，坚持终可得安康。,财运：计划稍迟，耐心可得；事业：计划稍迟，耐心可成；感情：计划稍迟，耐心可得；健康：计划稍迟，耐心可愈；今日建议：坚持，不放弃。,20
78,次于中平,少争执,少与人争少斗气，气出病来无人替。忍让宽容无大祸，平安安稳度时光。,财运：无破财；事业：小影响；感情：小矛盾；健康：气出病；今日建议：不争执，多忍让。,20
79,次于中平,守待则安,守待则安莫强求，妄行恐惹小忧愁。安分守己时光过，依旧平安不用愁。,财运：强求小破财，守待则安；事业：强求小失败，守待则稳；感情：强求小受伤，守待则和；健康：强求小不适，守待则康；今日建议：守待，不强求。,20
80,次于中平,平淡度过,平淡度过此段时，无大灾殃无大禧。守心守口莫妄动，安稳平安免祸欺。,财运：无破财；事业：无起伏；感情：无波澜；健康：无大病；今日建议：平淡度日，不折腾。,20
81,中平,渐入佳境,一步一步上高台，虽无急速亦能来。耐心守得云开日，自有清风送福回。,财运：财运渐好，有小收入；事业：事业渐顺，有小进步；感情：感情渐好，有小甜蜜；健康：身体渐好，有小起色；今日建议：循序渐进，不急躁。,12
82,中平,细水长流,不求骤富但求安，细水长流亦可观。守正安分无灾祸，平平淡淡是清欢。,财运：财运平稳，有稳定收入；事业：事业平稳，有稳定发展；感情：感情平稳，有稳定关系；健康：身体平稳，无大病；今日建议：守正安分，不冒进。,12
83,中平,小有安稳,小小安稳度光阴，无大灾殃无大财。守己安心莫乱动，平安无事福自来。,财运：无破财，有小积蓄；事业：无挫折，有小成绩；感情：无矛盾，有小幸福；健康：无大病，有小健康；今日建议：安心度日，不折腾。,12
84,中平,谨慎则吉,谨慎行事则吉祥，莫贪莫急莫逞强。守心守口无灾祸，安稳平安度日常。,财运：谨慎则得财，贪急则破财；事业：谨慎则成功，贪急则失败；感情：谨慎则和睦，贪急则吵架；健康：谨慎则健康，贪急则受伤；今日建议：谨慎行事，不逞强。,12
85,中平,守待时机,时机未到莫强求，守待时光不用愁。待到风云相助日，自然得利不用忧。,财运：时机未到，守财则安；事业：时机未到，守业则稳；感情：时机未到，守情则和；健康：时机未到，守身则康；今日建议：守待时机，不妄动。,12
86,中平,少灾少难,少灾少难保安康，无大纷争无大伤。安分守己多行善，平平淡淡是吉祥。,财运：无大破财，有小收入；事业：无大挫折，有小进步；感情：无大矛盾，有小甜蜜；健康：无大病，有小健康；今日建议：多行善，积福德。,12
87,中平,和合小吉,家庭和合少风波，感情平稳乐呵呵。莫为小事生争执，安稳安康福自多。,财运：家庭和睦则财旺；事业：家庭和睦则业兴；感情：家庭和睦则情顺；健康：家庭和睦则身健；今日建议：家庭和睦，不争吵。,12
88,中平,求财小利,求财只有小利盈，莫贪大财莫强行。谨慎经营无大险，安稳安康度平生。,财运：有小财，无大财；事业：有小成，无大成；感情：有小喜，无大喜；健康：有小安，无大险；今日建议：谨慎经营，不贪大财。,12
89,中平,谋望小成,谋望之事小能成，中间略有小纷争。坚持忍耐终得利，不可急躁不可争。,财运：谋财小成，耐心可得；事业：谋事小成，耐心可成；感情：谋爱小成，耐心可得；健康：康复小成，耐心可愈；今日建议：坚持忍耐，不急躁。,12
90,中平,平稳无虞,平稳度日无灾虞，是非不扰自安居。莫求大变莫求动，安稳安康是福基。,财运：平稳无破财；事业：平稳无挫折；感情：平稳无矛盾；健康：平稳无大病；今日建议：平稳度日，不变动。,12
91,中平,防小失吉,防微杜渐免小失，谨慎言行免祸端。安分守己无大患，平安安稳度时光。,财运：防小失则得财；事业：防小失则成功；感情：防小失则和睦；健康：防小失则健康；今日建议：防微杜渐，不粗心。,12
92,中平,宜静宜守吉,宜静宜守莫前行，妄动恐招小灾星。守待时光风波过，依然安稳保安宁。,财运：静守则财安；事业：静守则业稳；感情：静守则情和；健康：静守则身康；今日建议：静守，不妄动。,12
93,优于中平,旭日初升,旭日初升万象新，出门谋望有知音。虽经小滞终无碍，稳步前行得万金。,财运：财运上升，有不错收入；事业：事业上升，有不错发展；感情：感情上升，有不错进展；健康：身体上升，有不错状态；今日建议：稳步前行，不冒进。,6
94,优于中平,风平浪静,风波已过见青天，万事安然福自然。莫为闲愁生忧虑，顺风顺水过流年。,财运：财运平稳，无破财；事业：事业平稳，无挫折；感情：感情平稳，无矛盾；健康：身体平稳，无大病；今日建议：顺其自然，不忧虑。,6
95,优于中平,贵人助力,贵人暗里助君行，谋望求财不用惊。谨慎前行无大险，平安顺利得功成。,财运：有贵人相助，得财顺利；事业：有贵人相助，做事顺利；感情：有贵人相助，感情顺利；健康：有贵人相助，康复顺利；今日建议：抓住贵人，好好把握。,6
96,优于中平,家和业兴,家庭和睦喜气生，事业平稳向前行。财禄渐增无大险，平安安稳过光阴。,财运：家和则财旺；事业：家和则业兴；感情：家和则情顺；健康：家和则身健；今日建议：家庭和睦，事业兴旺。,6
97,优于中平,谋望可成,心有所谋终可成，中间虽有小纷争。坚持到底无阻碍，得福得财喜临门。,财运：谋财可成，坚持可得；事业：谋事可成，坚持可成；感情：谋爱可成，坚持可得；健康：康复可成，坚持可愈；今日建议：坚持到底，不放弃。,6
98,优于中平,平安吉祥,出入平安福自来，家门吉庆无凶灾。安心守己多行善，万事和谐笑颜开。,财运：平安则财安；事业：平安则业稳；感情：平安则情和；健康：平安则身健；今日建议：多行善，积福德。,6
99,大吉,春风得意,春来无处不飞花，万里青云路不赊。此去前程多顺遂，家门吉庆福无涯。,财运：财运亨通，财源广进；事业：事业顺遂，步步高升；感情：感情美满，幸福甜蜜；健康：身体健康，平安无恙；今日建议：大胆前行，心想事成。,2
100,大吉,金玉满堂,宝镜团圆照满堂，财源广进日荣昌。家门喜庆无灾厄，福禄绵绵岁月长。,财运：财运极佳，金玉满堂；事业：事业极佳，名利双收；感情：感情极佳，阖家欢乐；健康：身体极佳，福寿安康；今日建议：把握好运，大展宏图。,2
